idx,algo,keyword,keyword,keyword,keyword,keyword,keyword,keyword,keyword,keyword,keyword,keyword,keyword,keyword,keyword,keyword,keyword,keyword,keyword,keyword,keyword
0,multipartiterank,europa gewoon,goedemorgen nederland,europa,jaar,europese begroting makkelijker,natuur,geld,noord,stichting belangrijk,plan,dag exact,koninklijke familie amersfoort,economie,speciale bus,slagkracht,nieuwe,goed,nodig,land,veilige landen
0,label,40.txt,,,,,,,,,,,,,,,,,,,
1,multipartiterank,echt,goed,hee,school,erg trots,ouders,tijd,wedstrijd,klaar,otis,najaarsshow,zeker,keer,grote redactie,haha,emotie,rozen,hele avond,onderzoek,erg
1,label,81.txt,,,,,,,,,,,,,,,,,,,
2,multipartiterank,nan,,,,,,,,,,,,,,,,,,,
2,label,90.txt,,,,,,,,,,,,,,,,,,,
3,multipartiterank,aaaah,enorme bergpassen,jezus,maanlandschappen,wauw,jungleroutes,man,diep,stalen zenuwen,wegen,afgelegen plaatsen,kilometer,hele wereld,spannend,,,,,,
3,label,18.txt,,,,,,,,,,,,,,,,,,,
4,multipartiterank,graden,dag,temperaturen,buien,wisselvallig,flink,richting,oosten,plaatsen droog,verder,lucht,tijd,beetje grijs,wisselvallige kant,bewolking,moment,grijs,nieuwe regen,westen geleidelijk,uiteindelijk
4,label,95.txt,,,,,,,,,,,,,,,,,,,
5,multipartiterank,npo,kijk,eenvandaag,regio,westelaken,fijne avond verder,,,,,,,,,,,,,,
5,label,80.txt,,,,,,,,,,,,,,,,,,,
6,multipartiterank,vrouwen,mannen,procent,dames beantwoord,dames,verwarming hoger,goed,echt,okee,ideale man,hoger,leonie,punten,jan,bastiaan ragas,lager,gelach,leuk,bastiaan,beetje hoerig
6,label,19.txt,,,,,,,,,,,,,,,,,,,
7,multipartiterank,meneer ernst ernstig,dokter karelsen,stripboeken,voetbal,hahaha,muts,pippa,flappie,nieuwe voetbal,flap,tomek,heerlijk stuk chocoladetaart,hee,stem mooier,oren,geld,roepen tanja,wanten,roept willy,olifant
7,label,59.txt,,,,,,,,,,,,,,,,,,,
8,multipartiterank,mylou,meneer zwart,goed,mevrouw simons,ronde,huwelijksreislijst bruidsparen,deel,beste boekhandel,goedenavond,applaus,geld,huwelijksreis cadeau,egypte,steden,roelofarendsveen,mensen,viool,snaren,portugal,vorig jaar
8,label,73.txt,,,,,,,,,,,,,,,,,,,
9,multipartiterank,merken mensen,grote bedrijven,hogere inkomens,middenklasse,klimaat,samenleving,psychologische effect,dividendbelasting,foutje,politiek,keer,mensen,baas,jaar,groenlinks,grote,partij,problemen,onderwijs,zorg
9,label,0.txt,,,,,,,,,,,,,,,,,,,
10,multipartiterank,zoostraat,hallo,loesje,zoo,paar hele leuke vriendjes,,,,,,,,,,,,,,,
10,label,55.txt,,,,,,,,,,,,,,,,,,,
11,multipartiterank,riks huis,anton,goede tijden,ding,lekker,rik,muziek jonge,keer goed,huiszoeking,sjors,zaak,jonge,romy,slechte tijden,koken,objectief,gewoon,adio,ludo,tas amir
11,label,54.txt,,,,,,,,,,,,,,,,,,,
12,multipartiterank,luuk,vivienne,goed,jaar,dagen,kinderen,nikkie,hele verhaal,senna,mensen,advocaten,moment,verhaal,38-jarige deniz,the voice kids,peter,marc,echt,nico meijering,contract
12,label,84.txt,,,,,,,,,,,,,,,,,,,
13,multipartiterank,bing,pando,hallo,flop,skateboard,hai,afzetten,goed,achterste voet,snel,keer,padget,best lastig,woehoee,charlie,voorzichtig bing,woeee,haha,langzaam,njouhhhh
13,label,64.txt,,,,,,,,,,,,,,,,,,,
14,multipartiterank,goed,rijdende rechter,,,,,,,,,,,,,,,,,,
14,label,67.txt,,,,,,,,,,,,,,,,,,,
15,multipartiterank,psv,excelsior nac,excelsior,willem ii,wedstrijden,ado,goede loopactie,ado den haag,bal,seizoen,doelpunten,ajax,echte kans,bakker,becker,voorzet,luuk,laatste,lozano,jong
15,label,91.txt,,,,,,,,,,,,,,,,,,,
16,multipartiterank,soort gil,ssenga,tante,geluidjes,afrikaans vrijgezellenfeestje,oeganda,waarde,seksuele opvoeding,soort,vrouwen,sekslessen,goed seksleven,bijlmer,professionele sekstante,buurt,vaders zus,seksualiteit,houding,contrast,
16,label,92.txt,,,,,,,,,,,,,,,,,,,
17,multipartiterank,pim,pom,alleseter,bang,avontuur,echt,telefoon rinkelt,bang hoor,oeh,zuigend geluid,sleetje,skateboarden,hihi,erg,stofzuiger,wereld,graag,raam,lawaai,gewoon
17,label,38.txt,,,,,,,,,,,,,,,,,,,
18,multipartiterank,johan cruijff arena,noord,kim jong,land,johans,poetin,olifant rekka,korea,olifant pinky,korea gevaarlijke wapens,kim,leiders,jaren,belangrijke mensen,rekka,pinky,johanna,13-jarige jongen uren,cel,dierentuin burgers zoo
18,label,86.txt,,,,,,,,,,,,,,,,,,,
19,multipartiterank,boer jan,windpark zeewolde,john,bestuur,carine,project,ongeluk,nieuwe moderne windmolens,zeewolde,slechte nieuws,jan,uienboer jaap,monique,windmolen,jarenlang,vriendin,tattooshop,huis,volg typisch,instagram
19,label,68.txt,,,,,,,,,,,,,,,,,,,
20,multipartiterank,laa,ooooh,kusje,keer,blauw teletubbies,tinky winky,dansje,muziek stopt tadaaa,teletubbies,dag,uitgelaten gelach,lucht,oooh,dipsy,kind,lachen,joelen tinky winky,zonnetje,teletubbieland,gegiechel
20,label,50.txt,,,,,,,,,,,,,,,,,,,
21,multipartiterank,priester,scouting,grote tent,goed musicus,groep,toekomst,beetje,priesterschap,latere jaren,dingen,auto,jongeren,zelfredzaamheid,jeugd,talenten,aartsbisdom utrecht,lieve heer,strak trekken,goed,stuk bos
21,label,57.txt,,,,,,,,,,,,,,,,,,,
22,multipartiterank,biomassa,jaren,duurzaam hout,bos,duurzaam,onderwijs,bossen,boom,steven anderson,school,nederland,koningsdag,vrijheid,groot goed,co2,organisatie greenpeace,land,subsidie,afspraak,goed
22,label,25.txt,,,,,,,,,,,,,,,,,,,
23,multipartiterank,grote smurf,smulsmurf,smurf,duivels,smurfenland,kristallen bol,bange kreten welkom,knutsel,werk,vrolijke smurfin,hee,sla,zonlicht,slaaf,dromen,smurfin,goed idee,lekkere picknick,beter,dorp
23,label,65.txt,,,,,,,,,,,,,,,,,,,
24,multipartiterank,politie,nac,schiphol,nederlandse luchthaven,digitale bedrijven,tweede kamer,facebook,euro omzet,kim jong,feyenoord,leiders,papegaai,auto,zon,mensen,oppositiepartij pvda,nationale belasting,boete,eigenlijk,nac breda
24,label,39.txt,,,,,,,,,,,,,,,,,,,
25,multipartiterank,ajax,alaphilippe,vorig jaar,keer,koers hard,nederlandse alleskunner,vooraan fuglsang,lastig,concurrent psv,kampioenschap,willem ii,wedstrijden,punten gelijk,amstel gold race,klaar,winnaar,voorjaar,laatste,kilometer,valverde
25,label,10.txt,,,,,,,,,,,,,,,,,,,
26,multipartiterank,luuk,jaar,bond,summer,nieuwe week geleidelijk,verhaal,vivienne,koninginnedagaanslag,slachtoffertje senna,coaches the voice kids,droger,klamme handjes,jan slagter,warmer,problemen,piet paulusma,onrustige nachten,lastig,-iedereen,knietjes
26,label,83.txt,,,,,,,,,,,,,,,,,,,
27,multipartiterank,natuur,kasteel,jaar,bos,mens,mooi,mensen,staatsbosbeheer,kelder,eeuw,kikkererwtenmeel,kook,nederland,enorme houthonger,moeder,koningin wilhelmina,natuurfilosoof matthijs schouten,boswachter,alexander,bijzonder
27,label,8.txt,,,,,,,,,,,,,,,,,,,
28,multipartiterank,opa,penelope,aas,vis,vissen,snurkt gekletter aaaaah,goed,slaap,ernaar,vishaak,knus,haakje,penelope neuriet,mooie dag,visje,rode dingetje,aaaaah,opa snurkt,visjes,zon
28,label,33.txt,,,,,,,,,,,,,,,,,,,
29,multipartiterank,mensen,noord,jaar,aanslag,nederland,water vast,auto,politie,land,week tijd,ongeluk,zomer,familie,dagen,probleem,droogte,weidevogels,bodycams,voedsel,onderzoek
29,label,6.txt,,,,,,,,,,,,,,,,,,,
30,multipartiterank,cbr,discussie,kleine kinderen,jaar,moment,mens,tijd,maanden,joden,juist,keuze,langer,feit,foto,klimaat,kinderen,nationale ombudsman,kanten,sceptici,wetenschappelijke wereld
30,label,48.txt,,,,,,,,,,,,,,,,,,,
31,multipartiterank,dames,hele goedemorgen,dubbel,goedemorgen,week,gezellig,keer,zwarte man,john king,moord,jeannette,spannend,max geheugentrainer,amerikaanse staat texas,jaar,thrillers,beroep verkoopster,zoal,barneveld,tennissen
31,label,46.txt,,,,,,,,,,,,,,,,,,,
32,multipartiterank,soep,mooie kikkererwtenbeslag,mosselen,farinata,goed,beetje binding,gewoon,mosselsoep,lekker smaak,oven,snijd,olijfolie,bakken,beetje,wups,bouillon,houtoven,eetlepels nodig,witte wijn,keer
32,label,9.txt,,,,,,,,,,,,,,,,,,,
33,multipartiterank,henk otten,macron,land,thierry baudet,otten,malen,sri lanka,gele hesjes,goed,onderzoek,mensen,psv volop,eerste kamer,illegale adopties,aanslagen,baudet,nederlandse toeristen,jaar,eigenlijk,landstitel
33,label,99.txt,,,,,,,,,,,,,,,,,,,
34,multipartiterank,zwaar boek,hersenen,boek,zwarte mensen,dag informatie,mensen,luisterboek,informatie,tafel jan mulder,kinderen,margriet sitskoorn,goed,leven,henkjan smits,dingen,jaap seidell,mama,groente,defensie,best
34,label,51.txt,,,,,,,,,,,,,,,,,,,
35,multipartiterank,woning,schade,compensatie,nederland schade,huiseigenaren,amerikaan steven anderson,aardbevingsgebied,jaar,waardedaling,vergoeding,tweede kamer,nederland,bloedige aanslag,inreisverbod,den haag,nieuws,land,euro,geweld,familieleden
35,label,16.txt,,,,,,,,,,,,,,,,,,,
36,multipartiterank,jongens,water,gewoon,goed,oke,lekker,cowboys,bombastische muziek,beste,natuurlijk,yes,checken,kogels,mooie laarzen,meiden,wilde westen,kant,pam,echt,klaar
36,label,72.txt,,,,,,,,,,,,,,,,,,,
37,multipartiterank,mensen,hendrik otten,baudet,dag leedvermaak,jaar lang,pepperspray,dag,gewoon,soort bovenmeester,goed,amsterdam,dingen,otten,zeker,personen,gemeente amsterdam,fysiek,agressief publiek,kranten,jaar
37,label,23.txt,,,,,,,,,,,,,,,,,,,
38,multipartiterank,nederland,bodycams,agenten,sri lanka,jaar,politie,kleine camera,hotels,grote,land,amerikaanse haatprediker tegenhouden,camera,toeristen ophanden,mensen,tweede kamer,rtl nieuws,notre,aanslag,dame,kwetsbare kathedraal
38,label,13.txt,,,,,,,,,,,,,,,,,,,
39,multipartiterank,schiphol,nachtvluchten,frankfurt,privacyschendingen,nacht,nederlandse luchthaven,waarschijnlijk,groter,boete,vliegveld charles,president trump,gaulle,kwartaalcijfers,campagneteam,lufthansa,cambridge analytica,nadeel,parijs,databedrijf,presentatie
39,label,32.txt,,,,,,,,,,,,,,,,,,,
40,multipartiterank,aantal mensen,china,seawatch,mensen,henk otten,partijleider baudet,schip,jaar intensieve,middellandse zee,aandeelhouders,nederland,mobiele data,kant,laatste schepen,jaar,goede koers,ing,baudet,land,partij
40,label,26.txt,,,,,,,,,,,,,,,,,,,
41,multipartiterank,seniore mensen,mensen,eenvandaag,turken,nieuwe regeling,nos journaal,aardbevingsgebied,geweld,npo,bodycams,nederland,gronden,groningen,agenten,noord,steven anderson,leven,kabinet,huizenbezitters,traditionele visnetten
41,label,5.txt,,,,,,,,,,,,,,,,,,,
42,multipartiterank,shelly,jaar,stem,evert,koos,gewoon,bel,marga goed,cast,andre hazes,man,snel,jan smeets,hele lieve vriend,vandaag,giel,jan slagter,verder,piet paulusma,keer
42,label,93.txt,,,,,,,,,,,,,,,,,,,
43,multipartiterank,groningen,moeder hoofd,fantastische stad,eerlijke kansen,vanzelfsprekend,stad,groenlinks,lijsttrekker,moeder,kinderen,toegankelijke zorg,gastarbeider,groene,groot gezin,vader,maatschappelijk werker,gelijkheid,vrouwen,glimina chakor,politiek
43,label,61.txt,,,,,,,,,,,,,,,,,,,
44,multipartiterank,stam,iran,nomaden,arabisch schiereiland,moderne leven,verhalen,mensen,oud,natuurlijk,stammen,arabische wereld,gewone mensen,naam khamseh,arabieren,leven,gebied leven,beelden,nieuws,leuk,kleine plukjes
44,label,89.txt,,,,,,,,,,,,,,,,,,,
45,multipartiterank,stem,jaar,politie,procent,echt verschrikkelijk,nieuws,vrijheid,precieze toedracht,woning,appeltje,mensen,brief,taal,neefjes,pakje open,rust,eerder,sprake,school,aanwezig
45,label,11.txt,,,,,,,,,,,,,,,,,,,
46,multipartiterank,jan,kenneth,zeewolde,vriendin ella,werk,wojtek,jur,volg typisch,facebook,instagram,maandag,mensen,steun,wacht,smart,huurwoning,toeverlaat,ongeneeslijk ziek,nieuwe,polen
46,label,87.txt,,,,,,,,,,,,,,,,,,,
47,multipartiterank,grote bands,lucas,beetje helderheid,steden,nieuwe vliegtuigen,nalaten,band,belgie,gitaar,manier,,,,,,,,,,
47,label,27.txt,,,,,,,,,,,,,,,,,,,
48,multipartiterank,nieuwe zwarte knikker,parel,calimero klein kuikentje,baas,pieter,goed,knikkers,calimero,hee,finale,bijzonder,zeker,museum,goeie worp,best,juist,kinderen,oren,vlug,soriano
48,label,60.txt,,,,,,,,,,,,,,,,,,,
49,multipartiterank,mick,leuk,meiden,echt super vet,nieuwe outfits,hele bos,hout,sal,bos,lieselore,applaus,mirte,super tof,roos,bloemen,bijzonder goed,oude trui,blouse,muziek,outfit
49,label,4.txt,,,,,,,,,,,,,,,,,,,
50,multipartiterank,echt,gewoon,jackie,sorry,beetje gek,goed,yes,dingen,bezig,gek,maud,tollen,beter,hee,spannend,letterlijk,otis,schoolwerk eronder,vader,bed
50,label,71.txt,,,,,,,,,,,,,,,,,,,
51,multipartiterank,mooi,klein beetje olie,boerenkool,quinoa,parmezaanse kaas cashewnoten,pesto,citroen,eigenlijk,verse basilicum,lekker,knoflook,echt minimaal,kook,olie,uien,makkelijk,boerenkoolpesto,nodig,heerlijk,klein beetje
51,label,82.txt,,,,,,,,,,,,,,,,,,,
52,multipartiterank,jaar,veda,geld,eigenlijk echt,mensen,jonge club,leven,eigenlijk,gewoon,the who,jongeren,echt,natuurlijk teksten,dag,ambitieus klimaatbeleid,klimaat,jong,goed,nederland,zeker
52,label,12.txt,,,,,,,,,,,,,,,,,,,
53,multipartiterank,mei vorig jaar,onderzoek,nederlandse geheime diensten,toezichthouder,grote,gemeente westerwolde,mensen,nederland belasting,digitale bedrijven,klein aantal doelwitten,echt nadeel,gemeente,dienst,nationale belasting,rapport,nieuws,veilige landen,partij,problemen,kwestie
53,label,58.txt,,,,,,,,,,,,,,,,,,,
54,multipartiterank,partij,heer otten,europees,politie,mensen,leider geert wilders,ayahuasca,openbaar ministerie,top,man,-maar forum,dood,geheime relatie,fractie,bestuur,sessie,inval,otten,speciale commissie,pvv
54,label,88.txt,,,,,,,,,,,,,,,,,,,
55,multipartiterank,boodschappenlijst goed,goed,stap,amsterdam,halve minuut,wini,lijst,lekker,prinses amalia,draaiorgelmuziek,tijd,hint,theater,kleine,boodschappen,letterregen,pauline noemt,jaar,laatste,dolfinarium
55,label,31.txt,,,,,,,,,,,,,,,,,,,
56,multipartiterank,opa,hahahaha,grote vangst,penelope,hahaha,leuk,mooi,jammie,goed idee,vis,,,,,,,,,,
56,label,34.txt,,,,,,,,,,,,,,,,,,,
57,multipartiterank,mensen,digitale bedrijven,geheime diensten,openbaar ministerie,politie,top,aanslagen,joe biden,gevallen onrechtmatig,nationale bank,vorig jaar,liefdesrelatie,aantal keren,grote hack,demonstranten,nederland,straat,zeker,toezichthouder,privacy
57,label,62.txt,,,,,,,,,,,,,,,,,,,
58,multipartiterank,man,henk otten,politie,partij,noord,openbaar ministerie,russische president poetin,koreaanse leider kim jong,joe biden,baudet,top,uncle joe,vrouwen,amerikaanse president trump,otten,kandidaat,sprake,15-jarig meisje,complete politieke soap,grote onrust
58,label,78.txt,,,,,,,,,,,,,,,,,,,
59,multipartiterank,besmettelijke ziekte,ziekte,kinderen,mazelen,jaar,malaria,paar uur,johan,mensen,wk fortnite,jongeren,groningen,medicijnen,gratis rondleiding,afrika,heftig,wapens,uur,kinderombudsvrouw,wedstrijd
59,label,41.txt,,,,,,,,,,,,,,,,,,,
60,multipartiterank,film,vrouwen,jonge mensen,huwelijkse gevangenschap,jaar,vangrail,mensen,jonge mannen,weg,week,kans,object,leven,land,mannen,groot probleem,coma,ongelukken,huwelijk,eenzijdige ongevallen
60,label,7.txt,,,,,,,,,,,,,,,,,,,
61,multipartiterank,keer,knie,armen,handen,hak,heupen,strekken,beweging,tik,schouders,been,goed,hoog,ellebogen wijze,lekker makkelijk,laatste keer,kant,laatste stukje,voeten,zijstap
61,label,45.txt,,,,,,,,,,,,,,,,,,,
62,multipartiterank,goed,fortuna,feyenoord,bal,nick venema,zwolle,wedstrijden,nac,janssen,fc groningen,vilhena,doelpunt,ruimte nodig,balic,gyrano kerk,fc utrecht,stokkers,willem janssen,schot,hoekschop
62,label,24.txt,,,,,,,,,,,,,,,,,,,
63,multipartiterank,jaar,kim jong,kinderen,politie,cel,grote kolonie keizerspinguins,onderzoek,ruim,gemeenschap,zwarte amerikanen,auto,wetenschappers,kolonie,poetin,later,ultra,groter,tesla,antarctica,venray
63,label,49.txt,,,,,,,,,,,,,,,,,,,
64,multipartiterank,stem,mensen,jaar,nederland,auto,oranje,procent,den haag,bezig,prachtige verschijning,homobelangenorganisatie coc,online,dood,vrouw,groot verdriet,politie,pand brand,toegang,fik,land
64,label,30.txt,,,,,,,,,,,,,,,,,,,
65,multipartiterank,klm,londen,groter,frankfurt british airways,echt nadeel,gaulle,vliegveld charles,parijs,lufthansa,londen heathrow,schiphol,,,,,,,,,
65,label,43.txt,,,,,,,,,,,,,,,,,,,
66,multipartiterank,rust vrede,mensen,moderne tijd,eigenlijk,geval,dagelijks bestaan,katholieken zeker,god,augustinus,opgetild,taal,jubileum,munsterkerk,grote betekenis,hele stad,tijd,ouders,vrede,uzelf,gemeenschap
66,label,1.txt,,,,,,,,,,,,,,,,,,,
67,multipartiterank,bauhaus,ideale kleur,echte vriendschap,nieuwe kunst-,vorm,studenten,allereerste opdrachten,kleur,driehoek,blauw,sprake,ontwerpen,ontwerpschool,rood,reset,leuk,brainwash,soort,relatief kleine duitse ontwerpschool,materiaal
67,label,22.txt,,,,,,,,,,,,,,,,,,,
68,multipartiterank,democratische partij,hoop,voorverkiezingen,nieuw model,witte huis,merk,voornaamste democratische kandidaat,,,,,,,,,,,,,
68,label,66.txt,,,,,,,,,,,,,,,,,,,
69,multipartiterank,schouders,armen,laatste keer,kant,voeten,benen,keer,laatste,hand,maal,goed,pak,lekker,wissel,kin,hele romp,rechte rug,lichaam,rek,flesje
69,label,29.txt,,,,,,,,,,,,,,,,,,,
70,multipartiterank,hack geheime dienst,toezichthouder,bulkhack,,,,,,,,,,,,,,,,,
70,label,53.txt,,,,,,,,,,,,,,,,,,,
71,multipartiterank,lawaaiige,oude toestellen,schiphol,groter,engeland,frankfurt british airway,klm,hubfunctie,belangrijk,nederlandse luchthaven lufthansa,leuk,tesla,auto,belasting,partij,,,,,
71,label,36.txt,,,,,,,,,,,,,,,,,,,
72,multipartiterank,peter salm,goed,koreaans karate,knap hoog tempo,tijd,juist,minuten,echt,mandje primula,man,laatste,kies,hout vast,specialist,collectief geheugen,stap,schakelaar,plankjes,winterjas,aantal
72,label,47.txt,,,,,,,,,,,,,,,,,,,
73,multipartiterank,boete,belofte,facebook,mogelijk,toezichthouder,schandaal,dollar,vlucht,nacht,liveprogramma,,,,,,,,,,
73,label,35.txt,,,,,,,,,,,,,,,,,,,
74,multipartiterank,vrouw,oprichter henk otten,mensen,partij,bus,jaar,otten,eeuwig,fijn leven,kind,gesprek,hulp,abortus,baudet,jan mulder,problemen,leven,openbaar ministerie,erg,henk otten
74,label,94.txt,,,,,,,,,,,,,,,,,,,
75,multipartiterank,mooi,kerkdienst,leuk,gewoon eerlijk,pakistan,jaar,christelijk,speciale feestdag,moslim,tiener,echt,gewoon,goed,maaltijd,klopt,open hart,tijd,ouders,nederlander,geboren
75,label,70.txt,,,,,,,,,,,,,,,,,,,
76,multipartiterank,jaar,luuk,piet paulusma,nikkie,zaak,mensen,dagen,jong,vivienne,jan slagter,new york,daniel craig,hele lijstje,deken,uitzending giel beelen,advocaten,auto vol,bond,slachtoffertje senna,allerlaatste keer
76,label,97.txt,,,,,,,,,,,,,,,,,,,
77,multipartiterank,fijne verjaardag,billy,vriendjes,zuster kitty,goed,mmm,natuurlijk,auto,peter,warms,kou juist lekker,hilltop hospital,dag,lieve vriendjes,honger,blij,warmte,fijn,man,can
77,label,42.txt,,,,,,,,,,,,,,,,,,,
78,multipartiterank,henk otten,partij,aardige mensen,thierry baudet,voormalig lpf,macht,echte videoclip,openbare ministerie,mensen,lpf,goed nieuws,man,interview,nrc,eerste kamer,otten,mat herben,goed,echt,jan driessen
78,label,98.txt,,,,,,,,,,,,,,,,,,,
79,multipartiterank,gewone mensen,mensen,meneer,jaar,steigers,grond,plek,goed pand,gewoon,nam,meneer pril,nederland,groningse ten post,huis,goed,aardbeving,fundering,gerhard,keer,eigenlijk
79,label,63.txt,,,,,,,,,,,,,,,,,,,
80,multipartiterank,goede tijden,slechte tijden,vriend,shanti,kaviaarkroketjes,nagels,rik,juul,scherp,blij,sjors goed,by the,ludo sanders,,,,,,,
80,label,75.txt,,,,,,,,,,,,,,,,,,,
81,multipartiterank,gewoon,soort dingetjes,mensen,stoere,tweeling,goed bezig,beetje,jullie,stiekem eigenlijk,verschillen,kortsluiting,echt heel,vintage,beter,mylene,leuk,precies,fashionable,milieu,sportieve
81,label,3.txt,,,,,,,,,,,,,,,,,,,
82,multipartiterank,minimaal,klimaatwet,euro,,,,,,,,,,,,,,,,,
82,label,2.txt,,,,,,,,,,,,,,,,,,,
83,multipartiterank,shelley,adriaan,gewoon jaloers,echte man,leuk,gewoon,maan,succesvolle opening,utopia,rustig,adje,opening,echt,lekker,ger,gerrit,tattooshop,klaar,normaal,goed
83,label,14.txt,,,,,,,,,,,,,,,,,,,
84,multipartiterank,leuk,noa,mick,zeker,rare dingen,ouders,goed,lekker toetje,ruzie,mmm,zweetkaas,uur,echt,dingen,noa kwaad,bloem,natuurlijk,mevrouw,lekker,mensen
84,label,79.txt,,,,,,,,,,,,,,,,,,,
85,multipartiterank,jaren,extreem,fascistische dictator,plegen aanslagen,italiaanse communisten,geheim rapport,jaar later,veiligheidsdiensten,valerio fioravanti,leden,explosieven,francesca mambro,rechtse militanten,fascisten,rechters,lood,politiek,terreur,eind,operatie gladio
85,label,17.txt,,,,,,,,,,,,,,,,,,,
86,multipartiterank,mevrouw timmer,hele goede trompettist,vraag,goed,ronde,mevrouw michels,euro,have your charms,everybody,werk,bijzonder circuit,mooi,antwoorden,geld,finale,beverwijk,somebody sometime,then every,pot,meneer
86,label,15.txt,,,,,,,,,,,,,,,,,,,
87,multipartiterank,jaar,europa,mensen,geld,europese unie,rtv noord,trump,europese samenwerking mogelijk,johan cruyff,kim jong un,noord,rusland,goedemorgen nederland,goed nieuws,verhalen,bus,appeltje,amersfoort,begroting,bekend
87,label,37.txt,,,,,,,,,,,,,,,,,,,
88,multipartiterank,olivia,suiker,lekker,zuur,limonade,citroen limonadekraampje,welkom,klanten,zorgen ian,zout,lepel,huh,citroenlimonade,zeker,limonadekraampje,vers,ieeehl,mensen,kook,ian
88,label,56.txt,,,,,,,,,,,,,,,,,,,
89,multipartiterank,renee,huis,adrie,dag,buurvrouw,bovenburen,flat,gewoon,buren,rustig,renee gek,zeventigers gerrit,partijen,mensen,echt gevaarlijk,gebonk,keer gestamp,goed,bang,zaak
89,label,21.txt,,,,,,,,,,,,,,,,,,,
90,multipartiterank,poing,goed,mina,nellie,geheimzinnige planeet,vrolijk,blij,dikke vrinden,voorzichtig,haha,schelp,onafscheidelijk,marilyn,oke,lenen,cezar,poing poing,erg verdrietig,fantastisch idee,goed idee
90,label,52.txt,,,,,,,,,,,,,,,,,,,
91,multipartiterank,laser,lasershows,spiegeltjes,kleur,natuurlijk laserlicht,spectaculaire lichtshow,leuk,grootste dance,enorm spektakel,festival,laserstralen,gezellig,shows,echt prachtig,fantastische verjaardagsfeest,mysteryland,mensen,natuurlijk,hele grote,muziek
91,label,85.txt,,,,,,,,,,,,,,,,,,,
92,multipartiterank,slaapkamer,nederland,momenteel,veilig,prachtig project,persoon,kopje,bloedsporen,minutieus,zwart,scooter,sommigen,anotado ese pelota,geld,woning,rest,leuk,stem,mi abuela,zeker
92,label,28.txt,,,,,,,,,,,,,,,,,,,
93,multipartiterank,meneer zwart,ronde,mevrouw simons,luister goed,pot,euro,geld,antwoorden,goed,teletubbies,natuurlijk,zwart,vereniging,vrouw,betty,profeet,beeldende kunst,citaten,keer,utrecht
93,label,76.txt,,,,,,,,,,,,,,,,,,,
94,multipartiterank,euro,goed,leuk,mooi,kamer,hallo,prachtig beeld,beeld,echt,claire,banketbakker barry,zeker,welkom,groot huis,beetje,ehm,schilderij,blij,films,marian
94,label,20.txt,,,,,,,,,,,,,,,,,,,
95,multipartiterank,robert,colombia,davina,jannie veuger,jaar,77-jarige willie veuger,jannie,jose,nederland,willie,familie ospina,goed,keer,arjan,hallo,stad cali,kleindochter annelie,natuurlijk,82-jarige zus jannie,dag
95,label,69.txt,,,,,,,,,,,,,,,,,,,
96,multipartiterank,winkel,taart,goed,echt,rennen benjamin,mevrouw kwebbeleend,kuikens,pieter,gember,lilly zucht,gele kaas,heer vos,benjamin,graag,grote taarttrip,huh,graag brood,nieuw,vaart,zoetzuur
96,label,44.txt,,,,,,,,,,,,,,,,,,,
97,multipartiterank,cairo,egypte,land,klas trein,nijl,oudste spoorlijn,spoorlijn,stad,reis,treinen,alexandrie,zuid,aantal sporen groter,kilometer,kleine stations,alledaagse leven,noorden,akkers,lijnen,brug
97,label,74.txt,,,,,,,,,,,,,,,,,,,
98,multipartiterank,aantal jaren gezapig,mensen,vragen,leven,jaar lang rijinstructeur,man,bezig,zee,bakje,paar,laatste dag,groente,leeftijd,nodig,indonesisch,vegetarisch,hele leven,amsterdam,tonic,luid geklap
98,label,96.txt,,,,,,,,,,,,,,,,,,,
99,multipartiterank,tekeningen,stewardess,stewardessen,vast,handen,natuurlijk,mouwen,vlog,armen,leuk,knoopjes,rondjes,mantelpakje,kopjes,huis,room,witte chocola,lentekriebels,stuur,dag
99,label,77.txt,,,,,,,,,,,,,,,,,,,
0,tfidf,europa,natuurakkoord,goedemorgen nederland,aanpakken,natuur,internationaal natuurakkoord,internationaal,begroting,geld,amersfoort,goedemorgen,nederland,economie,sterk continent,naast klimaatakkoord,internationaal natuurakkoord sluiten,economie toekomst,bewaakt,plan,speciale
0,label,40.txt,,,,,,,,,,,,,,,,,,,
1,tfidf,jackie,hee,echt,beloof,ging,nou,vonden,school,jullie,goed,zag,eh,welke manier ga,welke manier,wel mooiste momenten,wel mooiste,weet nooit doe,wedstrijd kijken,we grote redactie,vonden jullie
1,label,81.txt,,,,,,,,,,,,,,,,,,,
2,tfidf,nan,,,,,,,,,,,,,,,,,,,
2,label,90.txt,,,,,,,,,,,,,,,,,,,
3,tfidf,aaaah,zenuwen wegen bedwingen,zenuwen wegen,wereld ligt vijf,wel spannend,wegen bedwingen vind,wegen bedwingen,weg meest afgelegen,weg meest,wauw via angstaanjagende,wauw via,vind wel spannend,vijf miljard kilometer,via angstaanjagende jungleroutes,via angstaanjagende,vergt stalen zenuwen,vergt stalen,vergt,stalen zenuwen wegen,stalen zenuwen
3,label,18.txt,,,,,,,,,,,,,,,,,,,
4,tfidf,buien,graden,temperatuur,grijs,graad,oosten,dagen,flink,noordoosten,trekken,droog,richting,zonnig droog,zonnig,wisselvalligheid,tijd tijd,onze kant,loop,zitten,spanje
4,label,95.txt,,,,,,,,,,,,,,,,,,,
5,tfidf,npo,westelaken npo kijk,westelaken npo,westelaken,wens heel fijne,wens heel,rik westelaken npo,rik westelaken,regio wens heel,regio wens,npo eenvandaag rik,kijk regio wens,heel fijne avond,heel fijne,eenvandaag rik westelaken,eenvandaag rik,regio,npo kijk regio,npo kijk,npo eenvandaag
5,label,80.txt,,,,,,,,,,,,,,,,,,,
6,tfidf,mannen,procent,vrouwen,okee,dames,hoger,leonie,lager,nee,denk,we,jij,bastiaan,wel,vullen,punten,vrouw,he,bier,nou
6,label,19.txt,,,,,,,,,,,,,,,,,,,
7,tfidf,meneer ernst ernstig,meneer ernst,ernst ernstig,ernst,ernstig,meneer,stripboeken,karelsen,flap,dokter karelsen,chocoladetaart,voetbal,dokter,tomek,stuk chocoladetaart,pippa,muts,mee spelen,lacht dokter karelsen,lacht dokter
7,label,59.txt,,,,,,,,,,,,,,,,,,,
8,tfidf,rozendaal,mevrouw rozendaal,das,mevrouw,zwart,mylou,twee twee,twee twee twee,gerade das,gerade,20,und,simons,meneer zwart,ich,klaas,twee,ronde,eerste,viool
8,label,73.txt,,,,,,,,,,,,,,,,,,,
9,tfidf,inkomens,klimaat,negen jaar geleden,negen jaar,middenklasse,hogere inkomens,foutje,dividendbelasting,bedrijven,hogere,groenlinks,negen,effect,we,samenleving,baas,wij,mensen,betalen,daarvan
9,label,0.txt,,,,,,,,,,,,,,,,,,,
10,tfidf,zoostraat,zoostraat hallo loesje,zoostraat hallo,zoostraat 64 paar,zoostraat 64,zoo zoostraat hallo,zoo zoostraat,woon zoostraat 64,woon zoostraat,vriendjes kijk,paar hele leuke,mee zoo zoostraat,mee zoo,loesje woon zoostraat,loesje woon,loesje,leuke vriendjes kijk,leuke vriendjes,hele leuke vriendjes,hallo loesje woon
10,label,55.txt,,,,,,,,,,,,,,,,,,,
11,tfidf,jij,rik,tijden,nee,romy,lekker,sjors,anton,weet,zeven negen,tussen zeven negen,tussen zeven,objectief,la famiglia,huiszoeking,hagort,famiglia,ding ding,antons,amir
11,label,54.txt,,,,,,,,,,,,,,,,,,,
12,tfidf,vivienne,luuk,vo,peter,senna,nikkie,deniz,marc,wel,verdachte,voice,the voice,ronald,nico meijering,nico,meijering,deken,contract,coaches,advocaten
12,label,84.txt,,,,,,,,,,,,,,,,,,,
13,tfidf,bing,pando,flop,hallo,hai,hai bing hallo,hai bing,bing hallo,afzetten,hi,snel,pando hallo,padget,kom eraan,hi hi,hallo pando hallo,hallo pando,hallo padget,gaat bing,bing kom
13,label,64.txt,,,,,,,,,,,,,,,,,,,
14,tfidf,rijdende rechter bedankt,rechter bedankt kijken,rechter bedankt,kijken dag,heel goed rijdende,goed rijdende rechter,goed rijdende,bedankt kijken dag,rijdende rechter,rijdende,bedankt kijken,rechter,bedankt,heel goed,kijken,dag,goed,heel,,
14,label,67.txt,,,,,,,,,,,,,,,,,,,
15,tfidf,psv,excelsior,willem ii,ii,ado,willem,wedstrijd,bal,ajax,seizoen,bakker,el,ado den haag,ado den,haag,den haag,den,voorzet,luuk jong,becker
15,label,91.txt,,,,,,,,,,,,,,,,,,,
16,tfidf,ssenga,tante,oeganda,zus jou inwijdt,zus jou,waarde seksuele opvoeding,waarde seksuele,waarbij vrouwen elkaar,waarbij vrouwen,vrouwen elkaar vertellen,vroeg via ssenga,vroeg via,vrijgezellenfeestje waarbij vrouwen,vrijgezellenfeestje waarbij,vrijgezellenfeestje,via ssenga,vertellen seksualiteit benieuwd,vertellen seksualiteit,vaders zus jou,vaders zus
16,label,92.txt,,,,,,,,,,,,,,,,,,,
17,tfidf,pim,pom,pim pom,alleseter,pom pim,pom pim pom,pim pom pim,pim kijk,mand,kijk,slaapt,telefoon,oh,liggen,zuigend geluid zouden,zuigend geluid,zuigend,zouden bang stofzuiger,zouden bang,zitten raam pom
17,label,38.txt,,,,,,,,,,,,,,,,,,,
18,tfidf,johan,rekka,pinky,kim,wapens,cruijff,noord korea,korea,noord,johanna,johan cruijff,gevaarlijke wapens,poetin,olifant,gevaarlijke,maatje,naam,johannes,wel,rouw
18,label,86.txt,,,,,,,,,,,,,,,,,,,
19,tfidf,zeewolde,carine,jan,john,monique,ongeluk,typisch,zoon rob monique,zoon rob,zit bestuur windpark,zit bestuur,zien topavond ongeluk,zien topavond,zeewolde project nieuwe,zeewolde project,zeewolde morgen typisch,zeewolde morgen,zeewolde brengt jan,zeewolde brengt,wojtek nieuwe eigenaar
19,label,68.txt,,,,,,,,,,,,,,,,,,,
20,tfidf,laa,dansen,keer keer,ooooh,laa laa,ah ooooh,teletubbies,kusje,halloooo,dag dag,keer keer keer,ah,po,dipsy,dag,winky,tinky winky,tinky,keer,ooooh ah ooooh
20,label,50.txt,,,,,,,,,,,,,,,,,,,
21,tfidf,tent,scouting,priester,buiten,groep,zelfredzaamheid,scouting gezeten,grote tent,gevormd,32 jaar,toekomst,talenten,priesterschap,32,we,verkondigen,jeugd,wel,ontdekken,strak
21,label,57.txt,,,,,,,,,,,,,,,,,,,
22,tfidf,biomassa,duurzaam,bijstoken,we,subsidie,co2,bossen,bos,koningsdag,onderwijs,willen,kolencentrales,duurzaam beheerde bossen,duurzaam beheerde,beheerde bossen,beheerde,greenpeace,jaar,vrijheid onderwijs,subsidie biomassa
22,label,25.txt,,,,,,,,,,,,,,,,,,,
23,tfidf,smurf,grote smurf,smurfen,smulsmurf,duivels,smurfenland,knutsel,bol,wa,grote,we,dromen,smurfin,kristallen,kom smurfenland,kreten,zonlicht,potige,kristallen bol,hee
23,label,65.txt,,,,,,,,,,,,,,,,,,,
24,tfidf,nac,schiphol,feyenoord,papegaai,miljoen euro,facebook,politie,stoffen,sittard,omzet,fortuna sittard,eredivisie nac,2e helft,zon,betalen,rijkswaterstaat,patienten,fortuna,fc,breekt
24,label,39.txt,,,,,,,,,,,,,,,,,,,
25,tfidf,ajax,alaphilippe,winnen,poel,ongeacht,lastig nee,kampioenschap,fuglsang,alaphilippe net,bert,lastig,willem ii,psv,gaat weer,ii,willem,wedstrijd,wint,vorig jaar,jij
25,label,10.txt,,,,,,,,,,,,,,,,,,,
26,tfidf,luuk,bond,verhaal vertellen,summer snoo,summer,snoo,vivienne,vertelt,daniel craig,daniel,craig,james bond,james,vertellen,verhaal,zoveel zien komen,zien komen nikkie,zeker famke louise,zeker famke,wodka martini binnen
26,label,83.txt,,,,,,,,,,,,,,,,,,,
27,tfidf,natuur,kasteel,bos,we,staatsbosbeheer,mens,gingen,kelder,heel,eeuw,kikkererwtenmeel,120 jaar,120,geleden,jaar geleden,jaar,zien,trap,werden,wonen
27,label,8.txt,,,,,,,,,,,,,,,,,,,
28,tfidf,opa,vis,penelope,vissen,aas,beweegt,vangen,vis vangen,snurkt,opa snurkt,opa opa,aaaaah,wacht,ie,ah,nee,zon schijnt voel,zon schijnt,ziet ernaar opa,ziet ernaar
28,label,33.txt,,,,,,,,,,,,,,,,,,,
29,tfidf,vo,noord,tv,weidevogels,tv aansluiting,droogte,water,winter,aansluiting,mensen,eten,voedsel,politie,zomer,omgekomen,vier,staatssecretaris,hotel,steven anderson,steven
29,label,6.txt,,,,,,,,,,,,,,,,,,,
30,tfidf,cbr,discussie,mens,keuze,vier maanden,sceptici,overtuigt,ombudsman,doorlooptijden,1100 kinderen,we,kinderen,maanden,foto,keuze maken,1100,langer,levend,pakket,klimaat
30,label,48.txt,,,,,,,,,,,,,,,,,,,
31,tfidf,dames,probeer keer week,jeannette,dames dubbel,probeer keer,goedemorgen,spanning,keer week,dubbel,gezellig,lezen,spannend,probeer,doe,zoal thrillers spannend,zoal thrillers,zoal,zit spanning,week lukt probeer,week lukt
31,label,46.txt,,,,,,,,,,,,,,,,,,,
32,tfidf,soep,mosselen,farinata,mosselsoep,eventjes,oven,pan,bakken,wups,vork,vanbinnen,soepje,pureren,krokant buitenkant,krokant,houtoven,hitte,grove,goed heet,gaat soep
32,label,9.txt,,,,,,,,,,,,,,,,,,,
33,tfidf,macron,otten,gele hesjes,malen,hesjes,gele,adopties,vanavond,landen,sri lanka,sri,lanka,baudet,fransen,lozano,bergwijn,bestuurslid,psv,gedaan,henk otten
33,label,99.txt,,,,,,,,,,,,,,,,,,,
34,tfidf,boek,hersenen,we,bloemkool,informatie,groente,luisterboek,leest,leven,wel,jij,ijs,voorlezer,heel,gaat,gezond,jan,zit,lees,heel fijn
34,label,51.txt,,,,,,,,,,,,,,,,,,,
35,tfidf,compensatie,schade,anderson,waardedaling,bruid,aardbevingsgebied,terroristen,woningen,familieleden,vergoeding,inreisverbod,huiseigenaren,haag,den haag,den,steven anderson,steven,afgelopen,aanslag,0
35,label,16.txt,,,,,,,,,,,,,,,,,,,
36,tfidf,oke,jongens,jullie,yeah,yeah yeah,wooh,oke oke,water,we,yeah yeah yeah,schop,pam,laarzen,cowboys,nee,kogels,geraakt,yes,werkt,meiden
36,label,72.txt,,,,,,,,,,,,,,,,,,,
37,tfidf,wel,pepperspray,otten,wij,hendrik otten,we,gezegd,hendrik,homo,baudet,mensen,jullie,kreeg,openbaar vervoer,maastricht,amsterdam,krijgen,zegt,vervoer,fysiek
37,label,23.txt,,,,,,,,,,,,,,,,,,,
38,tfidf,vo,bodycam,sri lanka,sri,lanka,camera,toeristen,politie,kathedraal,hotel,wel,notre dame,notre,nederland,agenten,komt,minder,agent,toerisme,postcode
38,label,13.txt,,,,,,,,,,,,,,,,,,,
39,tfidf,nachtvluchten,schiphol,d66,nachtvluchten toegestaan,privacyschendingen,toegestaan,d66 nachtvluchten,frankfurt,nacht,zegt d66 lufthansa,zegt d66,werkte campagneteam president,werkte campagneteam,verboden vliegveld charles,verboden vliegveld,vanwege privacyschendingen maakte,vanwege privacyschendingen,tweede kamer nachtvluchten,trump kreeg gegevens,trump kreeg
39,label,32.txt,,,,,,,,,,,,,,,,,,,
40,tfidf,china,seawatch,ing,chinese,aandeelhouders,schip,we,5g,schepen,mobiele,moeten,sliedrecht,promovendi,otten,mensen,straling,zee,baudet,ketting,gaan
40,label,26.txt,,,,,,,,,,,,,,,,,,,
41,tfidf,bodycams,wijkagent,pulsvissen,npo,leef,agenten,moeten,eenvandaag,mensen,vier,visnetten,traditionele visnetten,krans,geweld,vissers,traditionele,mee leef,leven,weren,drie vier
41,label,5.txt,,,,,,,,,,,,,,,,,,,
42,tfidf,shelly,evert,koos,stem,andre,jaar,vandaag,giel,we,jan,smeets,cast,heel,slagter,jan slagter,wel,nergens,wist nergens,simba,pinkpop
42,label,93.txt,,,,,,,,,,,,,,,,,,,
43,tfidf,groningen,moeder,stad,vanzelfsprekend,toegankelijke zorg,toegankelijke,lijsttrekker groenlinks,eerlijke kansen,eerlijke,lijsttrekker,kansen,groenlinks,groene,vechten,zorg,zorg groene toekomst,zorg groene,zorg glimina chakor,zorg glimina,zit vanzelfsprekend vader
43,label,61.txt,,,,,,,,,,,,,,,,,,,
44,tfidf,stam,iran,nomaden,khamseh,stammen,leven,wonen,nomade,khamseh stam,arabieren,arabisch,arabische,grote,weten oud,vijf stammen,tenten,studeren,spreken arabisch,perzen,oude man
44,label,89.txt,,,,,,,,,,,,,,,,,,,
45,tfidf,stem,we,procent,precieze,pakje,neefjes,jaar we,vannacht,jaar,appeltje,politie,taal,brief,waarde,helemaal,vrijheid,woning,inmiddels,blijkt,vandaag
45,label,11.txt,,,,,,,,,,,,,,,,,,,
46,tfidf,jan,ella,zeewolde,wojtek,typisch,kenneth,jur,optreden,werk,zoek koopjes,ziek twee keer,ziek twee,zeewolde eindelijk genoeg,zeewolde eindelijk,woont overbruggingshuis wacht,woont overbruggingshuis,wolderwijd snoeien pluist,wolderwijd snoeien,wolderwijd,wojtek kwam tien
46,label,87.txt,,,,,,,,,,,,,,,,,,,
47,tfidf,geinspireerd,wilde nalaten probeer,wilde geinteresseerd wilde,wilde geinteresseerd,vliegtuigen wilde geinteresseerd,vliegtuigen wilde,nieuwe vliegtuigen wilde,nalaten probeer jij,nalaten probeer,manier geinspireerd,jou geinspireerd daardoor,jou geinspireerd,helderheid creeren heel,helderheid creeren,grote bands geinspireerd,geinteresseerd wilde nalaten,geinteresseerd wilde,geinspireerd lucas band,geinspireerd lucas,geinspireerd daardoor gitaar
47,label,27.txt,,,,,,,,,,,,,,,,,,,
48,tfidf,parel,knikker,zwarte,pieter,zwarte parel,knikkeren,calimero,eh,zwarte knikker,raad hoeveel,jij,raad,hm,baas,hee,museum,worp,knikkers,finale,hou
48,label,60.txt,,,,,,,,,,,,,,,,,,,
49,tfidf,sal,mick,we,hout,jij,bos,wel,vanavond,super,meiden,leuk,jullie,nou,dex,fik,hee,ga,zit,vind,helpen
49,label,4.txt,,,,,,,,,,,,,,,,,,,
50,tfidf,otis,jackie,yes,oke,maud,denk,wel,eerste,go,echt,gek,stop,nou,gewoon,yes yes,tollen,toitoitoi,schoolwerk,pokeren alleen,pokeren
50,label,71.txt,,,,,,,,,,,,,,,,,,,
51,tfidf,boerenkool,quinoa,klein beetje,pesto,olie,klein,mooi,beetje,citroen,parmezaanse kaas,parmezaanse,kaas,snijden,klein beetje olie,cashewnoten,beetje olie,basilicum,uien,heel makkelijk,heel
51,label,82.txt,,,,,,,,,,,,,,,,,,,
52,tfidf,veda,heel,the who,jaar,wel,who,we,gitaar,the,geld,ambitieus,gaat,jullie,leven,moon,klimaatbeleid,keith moon,keith,concertgebouw,eigenlijk
52,label,12.txt,,,,,,,,,,,,,,,,,,,
53,tfidf,gemeente,zeepokken,keien,stenen,onderzoek,volgens,toezichthouder,belasting,regionale omroepen,omroepen,nieuws regionale omroepen,nieuws regionale,brandkranen,amstelveen,bedrijven,groeien,rapport,regionale,inspectie,eindhoven airport
53,label,58.txt,,,,,,,,,,,,,,,,,,,
54,tfidf,eu,otten,ayahuasca,wilders,forum,partij,partijen,anti eu,ministerie,europese,anti,fractie,openbaar ministerie,politie,openbaar,eu partijen,anti eu partijen,top,europees parlement,mensen
54,label,88.txt,,,,,,,,,,,,,,,,,,,
55,tfidf,komedie,kleine komedie,jantjes,prinses,goed,prinses amalia,goed gezien,bolletje wol,bolletje,amalia,wol,stap,kleine,alweer,zoekplaatje,wol ernaast,volkstoneel,postzegelverzamelaar,pannenset,letterregen
55,label,31.txt,,,,,,,,,,,,,,,,,,,
56,tfidf,opa,vangst,grote vangst,penelope,hahahaha,gevangen,hahaha,grote,zullen we eten,we eten oke,vond vissen opa,vond vissen,vissen opa vandaag,vangst hahahaha hahahaha,vangst hahahaha,vangst grote vangst,vangst grote,vangst betekent gevangen,vangst betekent,vandaag leuk he
56,label,34.txt,,,,,,,,,,,,,,,,,,,
57,tfidf,biden,bedrijven,openbaar ministerie,openbaar,ministerie,top openbaar ministerie,top openbaar,liefdesrelatie,democratische,top,mensen,partij biden,miljoen leveren,democratische partij biden,aanslagen,tussen,we gemaakt tussen,we gemaakt,twee kopstukken,tussen twee kopstukken
57,label,62.txt,,,,,,,,,,,,,,,,,,,
58,tfidf,joe,biden,otten,vo,baudet,politie,president,trump,jarig meisje,hardlopen,man,frits,joe biden,jarig,noord,jarige,noord koreaanse,partij,koreaanse,henk otten
58,label,78.txt,,,,,,,,,,,,,,,,,,,
59,tfidf,ziekte,malaria,wk,fortnite,wk fortnite,miljoenen,kinderen,mazelen,johan,mensen besmet,game,besmet,arsen,pillen,kinderen jongeren,kun,wapens,kinderombudsvrouw,elk,gratis
59,label,41.txt,,,,,,,,,,,,,,,,,,,
60,tfidf,film,huilen,vangrail,coma,huwelijk,films,vrouwen,mensen,mannen,leven,ongevallen,objecten,groenlinks vvd,gehuild film,gehuild,weleens,raakte,weg,ongelukken,kans
60,label,7.txt,,,,,,,,,,,,,,,,,,,
61,tfidf,knie,ellebogen,omhoog,tik,hak,omlaag,knie hak,terug,heupen,hak knie,stappen,keer,armen,achteren,handen,strek,beweging,voren,been,komt ie
61,label,45.txt,,,,,,,,,,,,,,,,,,,
62,tfidf,fortuna,feyenoord,bal,nac,venema,vilhena,zwolle,janssen,balic,hoekschop,willem janssen,stokkers,pec,wedstrijd,larsson,gyrano kerk,gyrano,vente,lat,doelpunt
62,label,24.txt,,,,,,,,,,,,,,,,,,,
63,tfidf,kolonie,cel,kinderen,ijs,jaar,volgens,wetenschappers,politie,gemeenschap,uur,moeten,ruim,nos,jongen,zuidenwind volgende nos,zuidenwind volgende,zoals twente cel,zelfs hele nacht,zelfs hele,zee ijs stukken
63,label,49.txt,,,,,,,,,,,,,,,,,,,
64,tfidf,stem,opgeworpen,we,oranje,we vroegen mensen,vroegen mensen,we vroegen,bezorgschaamte,vroegen,mensen,procent,prachtig project,bezorgen,pakketjes,online,gesticht,daarmee bezig,brand gesticht,taal,project
64,label,30.txt,,,,,,,,,,,,,,,,,,,
65,tfidf,londen,klm,parijs 5500 londen,parijs 5500,nadeel vliegveld charles,nadeel vliegveld,londen heathrow 5800,heathrow 5800 schiphol,heathrow 5800,gaulle parijs 5500,echt nadeel vliegveld,5800 schiphol 20,5800 schiphol,5800,5500 londen heathrow,5500 londen,vliegveld charles gaulle,vliegveld charles,londen groter klm,londen groter
65,label,43.txt,,,,,,,,,,,,,,,,,,,
66,tfidf,ander,vrede,jezelf,we,onszelf,bestaan,zegt augustinus,wij gevoel,taal tijd,rotonde,opgetild,munsterkerk,meter eerder,juist ander,jubileum,halve meter eerder,groter onszelf,dagelijkse dingetjes,augustinus,verbinding
66,label,1.txt,,,,,,,,,,,,,,,,,,,
67,tfidf,bauhaus,kleur,vorm kleur,ontwerpschool,ontwerpen,tentoonstelling,vorm,museum,studenten,kregen,slaat,kunst,zoals paul klee,zoals paul,zoals bureaulampjes buisstoel,zoals bureaulampjes,zien verlaat museumdirecteur,zien verlaat,zien oprichter bauhaus,zien oprichter
67,label,22.txt,,,,,,,,,,,,,,,,,,,
68,tfidf,democratische,witte huis voorverkiezingen,partij hoop daarbij,partij hoop,huis voorverkiezingen democratische,huis voorverkiezingen,democratische partij hoop,witte huis,voorverkiezingen democratische partij,voorverkiezingen democratische,voorverkiezingen,voornaamste democratische kandidaat,voornaamste democratische,meteen voornaamste democratische,meteen voornaamste,lijkt meteen voornaamste,lijkt meteen,kandidaat witte huis,kandidaat witte,democratische partij
68,label,66.txt,,,,,,,,,,,,,,,,,,,
69,tfidf,achteren,vier,armen,voren,schouders,vier drie,maal,neer,twee,vier drie twee,tik,drie,weer,kant,voeten,draai,drie twee,da,terug,keer
69,label,29.txt,,,,,,,,,,,,,,,,,,,
70,tfidf,toezichthouder houdt hack,toezichthouder houdt,nachts gebeurd bulkhack,nachts gebeurd,houdt hack geheime,houdt hack,geheime dienst nachts,gebeurd bulkhack allen,gebeurd bulkhack,dienst nachts gebeurd,dienst nachts,bulkhack allen,bulkhack,hack geheime dienst,hack geheime,hack,geheime dienst,toezichthouder,geheime,allen
70,label,53.txt,,,,,,,,,,,,,,,,,,,
71,tfidf,vaak lawaaiige oude,vaak lawaaiige,oude toestellen,lawaaiige oude toestellen,lawaaiige oude,lawaaiige,toestellen,schiphol,leggen,oude,waardoor tesla hoopt,waardoor tesla,vrachtvluchten vaak lawaaiige,vrachtvluchten vaak,vrachtvluchten,vooral vrachtvluchten vaak,vooral vrachtvluchten,vakantievluchten leuk belangrijk,vakantievluchten leuk,vakantievluchten
71,label,36.txt,,,,,,,,,,,,,,,,,,,
72,tfidf,salm,peter salm,karate,peter,knap,eh,primula,koreaans karate,koreaans,07 00,7,0,tempo,kies,wij gaan,tijd,blijkt,zorgt toelevering plankjes,zorgt toelevering,zitten minuut gaat
72,label,47.txt,,,,,,,,,,,,,,,,,,,
73,tfidf,boete,facebook,vijf miljard dollar,toezichthouder gebroken onderhandeld,toezichthouder gebroken,schandaal laten gebeuren,schandaal laten,ondertiteling achterlopen goedemorgen,ondertiteling achterlopen,onderhandeld hoogte boete,onderhandeld hoogte,mogelijk boete drie,liveprogramma ondertiteling achterlopen,liveprogramma ondertiteling,liveprogramma,laten gebeuren facebook,laten gebeuren,hoogte boete minder,hoogte boete,goedemorgen facebook mogelijk
73,label,35.txt,,,,,,,,,,,,,,,,,,,
74,tfidf,vrouwen,otten,vrouw,we,abortus,leven,bus,mensen,wel,huisarts,partij,besluit,twee,kind,keuze,hulp,gesprek,henk otten,73,henk
74,label,94.txt,,,,,,,,,,,,,,,,,,,
75,tfidf,moslim,kerkdienst,christelijk,tiener,feestdag,mooi,netjes,klopt,gewoon,vandaag,eh,ziet wel gewoon,zien we netjes,zien jullie allemaal,zeker bent 16,zeker bent,zeiden oke anders,zeiden oke,zei hoor vaak,zei hoor
75,label,70.txt,,,,,,,,,,,,,,,,,,,
76,tfidf,luuk,vo,senna,piet,nikkie,model,tien,x97re,tien jaar,jong,daniel craig 007,craig 007,auto speelgoed,allerlaatste,york,new york,glennis,deken,advocaten,7
76,label,97.txt,,,,,,,,,,,,,,,,,,,
77,tfidf,verjaardag,fijne verjaardag,fijne,billy,kitty,jullie,vergeten,we can,verjaardag lieve,fijne verjaardag lieve,dokter max,nee,zuster kitty,mmm,dokter,peter,fijn jullie,can,zuster,vriendjes
77,label,42.txt,,,,,,,,,,,,,,,,,,,
78,tfidf,otten,henk,henk otten,partij,baudet,lpf,thierry,thierry baudet,interview,nrc,macht,wel,ministerie,openbaar ministerie,marc nimwegen,gerrit burg,eerste kamer,openbaar,30 000 euro,30 000
78,label,98.txt,,,,,,,,,,,,,,,,,,,
79,tfidf,pril,vissen,meneer pril,we,gerhard,meneer,heel,plek,steiger,zitten,steigers,wel,mensen,grond,nam,fundering,god,jaar,viskist,vijver
79,label,63.txt,,,,,,,,,,,,,,,,,,,
80,tfidf,tijden,zeggen zit jij,zeggen zit,way houdt kaviaarkroketjes,way houdt,vrienden verdenken helemaal,verdenken helemaal niks,verdenken helemaal,tijden blij mee,tijden blij,the way houdt,the way,slechte tijden blij,sjors goed juul,shanti nagels scherp,shanti nagels,scherp geveild,sanders aantocht nee,nee by the,nee by
80,label,75.txt,,,,,,,,,,,,,,,,,,,
81,tfidf,tweeling,we,jullie,wel elkaar,kortsluiting,goed bezig,bestie,verschillen,we heel,elkaar,stiekem,gewoon,wel,heel,bezig,zouden willen wannabe,zien oke rosan,zien oke,zien ander denken,zien ander
81,label,3.txt,,,,,,,,,,,,,,,,,,,
82,tfidf,we klimaatwet gaan,we klimaatwet,minimaal we klimaatwet,minimaal we,miljard euro kost,kost minimaal we,kost minimaal,klimaatwet gaan uitvoeren,gaan uitvoeren,euro kost minimaal,euro kost,888 650 miljard,888 650,888,650 miljard euro,650 miljard,650,klimaatwet gaan,klimaatwet,miljard euro
82,label,2.txt,,,,,,,,,,,,,,,,,,,
83,tfidf,shelley,adriaan,jij,niks,wel,utopia,ie,shel,bemoei,adje,ger,opening,rustig,gerrit,denk,tattooshop,mylene,heel,weet,vind
83,label,14.txt,,,,,,,,,,,,,,,,,,,
84,tfidf,noa,mick,leuk,we,zweetkaas,jou,dacht,wel,alleen,ruzie,ouders,leuk vind,leuk vindt,jij,zweetkaas zweetkaas,jou leuk,mmm,snap,kwaad,gaan
84,label,79.txt,,,,,,,,,,,,,,,,,,,
85,tfidf,jaar later,explosieven,rechtse,extreem,terreur,mambro,gladio,fioravanti,fascistische,extreem rechtse,jaar,veiligheidsdiensten,communisten,later,leden,geheim,aanslag,rechtszaal,rechtse militanten,rechters
85,label,17.txt,,,,,,,,,,,,,,,,,,,
86,tfidf,timmer,mevrouw timmer,mevrouw,something,michels,mevrouw michels,ronde,to,euro,there something to,there something,there,something to,everybody,vraag,all,we,your,vraag vervangen,mooie stad
86,label,15.txt,,,,,,,,,,,,,,,,,,,
87,tfidf,europese,we,unie,europa,jetten,europese unie,begroting,gaat,johan,trump,d66,meneer jetten,geld,stichting,amersfoort,rusland,moeten,mensen,china,appeltje
87,label,37.txt,,,,,,,,,,,,,,,,,,,
88,tfidf,olivia,suiker,limonadekraampje,zuur,limonade,ian,zure,restaurant,zout,mam,lekker,klanten,huh,zure limonade,welkom restaurant olivia,welkom restaurant,super zure limonade,super zure,restaurant olivia,lepel
88,label,56.txt,,,,,,,,,,,,,,,,,,,
89,tfidf,mr,renee,mr visser,visser,flat,buurvrouw,bovenburen,adrie,geluidsoverlast,buren,bonken,rustig,beide partijen,we,huis,boven,hoor,gerrit adrie,gerrit,gedaan
89,label,21.txt,,,,,,,,,,,,,,,,,,,
90,tfidf,poing,poing poing,poing poing poing,mina,nellie,cezar,planeet,muggenbulten,geheimzinnige planeet,geheimzinnige,schelp,lenen,voorzichtig,vrolijk blij,vrinden vrolijk blij,vrinden vrolijk,vrinden,twee dikke vrinden,twee dikke,spiraaldraai
90,label,52.txt,,,,,,,,,,,,,,,,,,,
91,tfidf,laser,spiegeltjes,lasershow,lasers,lichtshow,full,gezellig gezellig,fantastische,dj,gezellig,nou,spectaculaire lichtshow,spectaculaire,planet,magical planet,magical,gezellig gezellig gezellig,full colour,festival,colour
91,label,85.txt,,,,,,,,,,,,,,,,,,,
92,tfidf,opgeworpen,slaapkamer,prachtig project,nederland laten zien,nederland laten,momenteel slaapkamer,wel veilig,momenteel,project,veilig,we,prachtig,laten zien,laten,zoeken,zoeken momenteel slaapkamer,zoeken momenteel,zien stem we,zeker barca droom,zeker barca
92,label,28.txt,,,,,,,,,,,,,,,,,,,
93,tfidf,zwart,rozendaal,meneer zwart,mevrouw,simons,mevrouw rozendaal,ronde,we,pot,mevrouw simons,heet,meneer,teletubbies,kijk even,40,88,antwoorden,goed drie,welke,vereniging
93,label,76.txt,,,,,,,,,,,,,,,,,,,
94,tfidf,euro,wel,nee,heel,claire,we,bod,vind,dank,meegenomen,5000,kamer,leuk,ehm,nou,barry,8500,13 000,set,oke
94,label,20.txt,,,,,,,,,,,,,,,,,,,
95,tfidf,robert,colombia,jannie,davina,we,jose,willie,he,arjan,woont,heimwee,gaan,heel,cali,annelie,even,jullie,nooit,bogota,nou
95,label,69.txt,,,,,,,,,,,,,,,,,,,
96,tfidf,taart,winkel,benjamin,oh,kuikens,rat,huh,nee,ronald,zoetzuur,ronald rat,lilly,kwebbeleend,heer vos,gember zoetzuur,gember,echt konijntje,kaas,brood,vos
96,label,44.txt,,,,,,,,,,,,,,,,,,,
97,tfidf,cairo,nijl,egypte,spoorlijn,alexandrie,land,trein,woestijn,brug,aswan,akkers,reis,treinen,langs,stad,stuwdam,noord zuid,machinist,langs nijl,delta
97,label,74.txt,,,,,,,,,,,,,,,,,,,
98,tfidf,nijs,rijinstructeur,55 jaar,hoop,bakje,55,jaar,72,50 jaar,eet,bent,doet,50,bezig,zullen zeggen nijs,zullen zeggen,zitten lurken naast,zitten lurken,zingt daarna afgaat,zingt daarna
98,label,96.txt,,,,,,,,,,,,,,,,,,,
99,tfidf,teken,stewardess,teken twee,tekenen,vast teken twee,vast teken,tekent,tekening,stewardessen,daaraan vast teken,daaraan vast,vlog,stuur,jij,daaraan,tekeningen,teken eerst,sterre,priscilla,mouw
99,label,77.txt,,,,,,,,,,,,,,,,,,,
